{"安徽":{"F":4,"M":7,"AVG":40.8181818181818,"TOTAL":11,"RATIO":0.0120746432491767},
"北京":{"F":45,"M":58,"AVG":41.7572815533981,"TOTAL":103,"RATIO":0.113062568605928},
"福建":{"F":8,"M":6,"AVG":43.1428571428571,"TOTAL":14,"RATIO":0.0153677277716795},
"甘肃":{"F":2,"M":1,"AVG":53,"TOTAL":3,"RATIO":0.00329308452250274},
"广东":{"F":212,"M":225,"AVG":39.6132723112128,"TOTAL":437,"RATIO":0.479692645444566},
"广西":{"F":1,"M":7,"AVG":42.875,"TOTAL":8,"RATIO":0.00878155872667398},
"贵州":{"F":1,"M":2,"AVG":32.6666666666667,"TOTAL":3,"RATIO":0.00329308452250274},
"海南":{"F":0,"M":3,"AVG":30,"TOTAL":3,"RATIO":0.00329308452250274},
"河北":{"F":3,"M":13,"AVG":39.125,"TOTAL":16,"RATIO":0.017563117453348},
"河南":{"F":4,"M":13,"AVG":36.5294117647059,"TOTAL":17,"RATIO":0.0186608122941822},
"黑龙江":{"F":6,"M":3,"AVG":43.1111111111111,"TOTAL":9,"RATIO":0.00987925356750823},
"湖北":{"F":14,"M":16,"AVG":35.4,"TOTAL":30,"RATIO":0.0329308452250274},
"湖南":{"F":5,"M":9,"AVG":37.0714285714286,"TOTAL":14,"RATIO":0.0153677277716795},
"吉林":{"F":2,"M":0,"AVG":38,"TOTAL":2,"RATIO":0.0021953896816685},
"江苏":{"F":8,"M":23,"AVG":39.1935483870968,"TOTAL":31,"RATIO":0.0340285400658617},
"江西":{"F":4,"M":10,"AVG":40,"TOTAL":14,"RATIO":0.0153677277716795},
"辽宁":{"F":6,"M":9,"AVG":42.1333333333333,"TOTAL":15,"RATIO":0.0164654226125137},
"内蒙古":{"F":1,"M":1,"AVG":41,"TOTAL":2,"RATIO":0.0021953896816685},
"青海":{"F":1,"M":0,"AVG":42,"TOTAL":1,"RATIO":0.00109769484083425},
"山东":{"F":6,"M":24,"AVG":42.1,"TOTAL":30,"RATIO":0.0329308452250274},
"山西":{"F":0,"M":4,"AVG":38.75,"TOTAL":4,"RATIO":0.00439077936333699},
"陕西":{"F":6,"M":11,"AVG":39.7058823529412,"TOTAL":17,"RATIO":0.0186608122941822},
"上海":{"F":26,"M":26,"AVG":40.7115384615385,"TOTAL":52,"RATIO":0.0570801317233809},
"四川":{"F":8,"M":14,"AVG":36.3181818181818,"TOTAL":22,"RATIO":0.0241492864983535},
"天津":{"F":6,"M":6,"AVG":47.75,"TOTAL":12,"RATIO":0.013172338090011},
"新疆":{"F":1,"M":2,"AVG":40.6666666666667,"TOTAL":3,"RATIO":0.00329308452250274},
"云南":{"F":0,"M":4,"AVG":35.75,"TOTAL":4,"RATIO":0.00439077936333699},
"浙江":{"F":13,"M":15,"AVG":41.1785714285714,"TOTAL":28,"RATIO":0.0307354555433589},
"重庆":{"F":3,"M":3,"AVG":38.3333333333333,"TOTAL":6,"RATIO":0.00658616904500549}}